n_thread,mean,std
1,1922.5,36.3696301878
2,8198.55,1061.36781914
4,8566.0,1112.27883195
8,10908.5,1153.1339688
56,14697.85,531.361672969
