n_thread,mean,std
1,4355.3,156.263271436
2,5480.2,1944.36453887
4,8935.0,2890.0353285
8,15797.35,4697.44511703
56,59885.1,3718.50881268
