n_thread,mean,std
1,44.85,1.19478031453
2,140.7,16.9620163896
4,162.85,25.8713644789
8,176.8,36.8260777167
56,211.45,5.33361978397
