n_thread,mean,std
1,6348.65,457.048714581
2,7959.4,953.353680436
4,8633.65,822.9989839
8,10620.75,1534.4709471
56,12165.15,2428.54648453
