n_thread,mean,std
1,74.75,3.56195171219
2,78.1,4.74236228055
4,122.1,45.323172881
8,315.65,65.190701024
56,933.5,216.283956872
