n_thread,mean,std
1,10990.9,958.390259759
2,10797.95,1200.89468627
4,8331.9,865.535666509
8,11931.05,3304.21878021
56,61771.3,9292.64175625
